aff6a9384ee74019fb68fd5acdb34a135e4c18cc,DELETE,regular-file,Result/GMM10/GMM_default_2024_12_31__15_14_49/results.pth,134,
d9863780ef238be069a4f86f7dad444fc233eac2,DELETE,regular-file,Result/GMM10/GMM_default_2024_12_31__15_14_49/state_dict.pth,131,
c850bab30c6b9c3cdcfe900f2c47317245f10b2f,DELETE,regular-file,Result/GMM10/GMM_default_2024_12_31__15_22_09/results.pth,134,
124a311f40f9c891a4f9d97ed420a8cfd0acf01e,DELETE,regular-file,Result/GMM10/GMM_default_2024_12_31__15_22_09/state_dict.pth,131,
6b102fa4165ead3e73a015e1ff07db62d5b8a937,DELETE,regular-file,Result/GMM10/GMM_default_2024_12_31__15_27_09/results.pth,134,
0b4f98a5c2785edb6a6db25868696aa1a70b4db2,DELETE,regular-file,Result/GMM10/GMM_default_2024_12_31__15_27_09/state_dict.pth,131,
4f29701c2c91a28c8b8db71b25753a9a9489b2d0,DELETE,regular-file,Result/GMM10/GMM_default_2024_12_31__15_47_50/results.pth,134,
bcf73cd1a2eb1d85b369942ca84c85a9ca21d7da,DELETE,regular-file,Result/GMM10/GMM_default_2024_12_31__15_47_50/state_dict.pth,131,
af3247ac8ad1af20d9c63dc70ecc6ea728403124,DELETE,regular-file,Result/GMM10/GMM_default_2024_12_31__15_50_52/results.pth,134,
5469553d5fc59c5fcdc4bfb711b8aa87b2f52dd1,DELETE,regular-file,Result/GMM10/GMM_default_2024_12_31__15_50_52/state_dict.pth,131,
e54d709f98793baf2090573750ca2d1fbbd1bd15,DELETE,regular-file,Result/GMM10/GMM_default_2024_12_31__15_53_50/results.pth,134,
5168e4d836442ae3fcad766f3e827eda3907b672,DELETE,regular-file,Result/GMM10/GMM_default_2024_12_31__15_53_50/state_dict.pth,131,
06a2649b181bbddeb80fc4b25912c168a4f1a810,DELETE,regular-file,Result/GMM10/GMM_default_2024_12_31__15_57_47/results.pth,134,
ca544c2b04116e17093c4c96f4951ded7c0e60db,DELETE,regular-file,Result/GMM10/GMM_default_2024_12_31__15_57_47/state_dict.pth,131,
9db0983dcdd9f2a3907f6dea35777005720a740d,DELETE,regular-file,Result/GMM10/GMM_default_2024_12_31__16_01_26/results.pth,134,
836c0e824c7755833d3b7e08f0a59fb64656aa16,DELETE,regular-file,Result/GMM10/GMM_default_2024_12_31__16_01_26/state_dict.pth,131,
352aecc618230560e9af33a9cb2b841e33c616a5,DELETE,regular-file,Result/GMM10/GMM_default_2024_12_31__16_04_06/results.pth,134,
5551f60490ecd98245a675d0b4f2129da84da03c,DELETE,regular-file,Result/GMM10/GMM_default_2024_12_31__16_04_06/state_dict.pth,131,
56545b688e79829fccf3e53d31ebaa270d65aaed,DELETE,regular-file,Result/GMM1000/1000FP/GMM1000D_default_2024_12_31__18_31_00/output_data.pth,129,
dca6e97707fbef65f0eca3e9dcd0ca769fc1a8b1,DELETE,regular-file,Result/GMM1000/1000FP/GMM1000D_default_2024_12_31__18_31_00/state_dict.pth,133,
41fb7cc8a3e2925a656c1d7c93faee3e18e6a8b3,DELETE,regular-file,Result/GMM1000/1000FP/GMM1000D_default_2024_12_31__19_25_18/output_data.pth,129,
9c832b9f75b41af5754d199e4fa463680078769d,DELETE,regular-file,Result/GMM1000/1000FP/GMM1000D_default_2024_12_31__19_25_18/state_dict.pth,133,
8cfce200f3cd271e591ac9609f4a8fe0a506c4b6,DELETE,regular-file,Result/GMM1000/1000FP/GMM1000D_default_2024_12_31__20_18_30/output_data.pth,129,
0db2102778d99132eeb7f967d345c4176f13b9e1,DELETE,regular-file,Result/GMM1000/1000FP/GMM1000D_default_2024_12_31__20_18_30/state_dict.pth,133,
2622c4d1c6ec4e1d168d29edafcd9dfd300571c6,DELETE,regular-file,Result/GMM1000/1000FP/GMM1000D_default_2024_12_31__21_00_21/accept_rate.pth,129,
bc937c263e6a1dd9433ba7d6049f3241a44cb17d,DELETE,regular-file,Result/GMM1000/1000FP/GMM1000D_default_2024_12_31__21_00_21/output_data.pth,129,
ee06606b0fee557c64fb85a23ad9a717e6a227ab,DELETE,regular-file,Result/GMM1000/1000FP/GMM1000D_default_2024_12_31__21_00_21/state_dict.pth,133,
fc157e174a1809c30faae9d16647f466b0e52e25,DELETE,regular-file,Result/GMM1000/1000FP/GMM1000D_default_2024_12_31__22_17_26/accept_rate.pth,129,
87693baed82e5ed8e839003f3b442cf48d9a2360,DELETE,regular-file,Result/GMM1000/1000FP/GMM1000D_default_2024_12_31__22_17_26/output_data.pth,129,
3e30a02c471d8953f220c33f667a32c4697362cb,DELETE,regular-file,Result/GMM1000/1000FP/GMM1000D_default_2024_12_31__22_17_26/state_dict.pth,133,
8e7cde5404ad08ab68a197d48009d466972ba6d4,DELETE,regular-file,Result/GMM1000/1000FP/GMM1000D_default_2024_12_31__23_16_28/accept_rate.pth,129,
9e7c24f0188512389d9dea61fa32303982df48ec,DELETE,regular-file,Result/GMM1000/1000FP/GMM1000D_default_2024_12_31__23_16_28/output_data.pth,129,
224114ae9b83626e4df25f55badffb49648af987,DELETE,regular-file,Result/GMM1000/1000FP/GMM1000D_default_2024_12_31__23_16_28/state_dict.pth,133,
e621b46709f0f4c6565effb13ac603b9bc0418c3,DELETE,regular-file,Result/GMM1000/1000FP/GMM1000D_default_2025_01_01__01_04_09/accept_rate.pth,129,
ca8f959f0952e4029e23e9f17a34303aa4ab5418,DELETE,regular-file,Result/GMM1000/1000FP/GMM1000D_default_2025_01_01__01_04_09/output_data.pth,129,
75fd2c30c67623acd85c4c8735f5cfc52f9f6472,DELETE,regular-file,Result/GMM1000/1000FP/GMM1000D_default_2025_01_01__01_04_09/results.pth,133,
86513b770a3e91892cf62958b01a016897811e8f,DELETE,regular-file,Result/GMM1000/1000FP/GMM1000D_default_2025_01_01__01_04_09/state_dict.pth,133,
0babbdd68eaaf806b4cee839ba9453f35f61e8ca,DELETE,regular-file,Result/GMM1000/1000FP/GMM1000D_default_2025_01_02__22_12_08/accept_rate.pth,129,
3d34a3601e07f5a10946a0f96f919d9b78d23bde,DELETE,regular-file,Result/GMM1000/1000FP/GMM1000D_default_2025_01_02__22_12_08/output_data.pth,129,
4718cc36948a8def3ba1d1a76a0e9c0daa07c94f,DELETE,regular-file,Result/GMM1000/1000FP/GMM1000D_default_2025_01_02__22_12_08/results.pth,133,
4f1f4d1766007902620c9ab5b2d137cec2371deb,DELETE,regular-file,Result/GMM1000/1000FP/GMM1000D_default_2025_01_02__22_12_08/state_dict.pth,133,
554181a201bb9c12c571d0d31180f5e9c6f59083,DELETE,regular-file,Result/GMM1000/1000FP/GMM1000D_default_2025_01_02__23_11_38/accept_rate.pth,129,
b4da2a76391feb254ad2130af143a318e2d1159d,DELETE,regular-file,Result/GMM1000/1000FP/GMM1000D_default_2025_01_02__23_11_38/output_data.pth,129,
bb78fdeca483a5cec7a25df20903f7706574ec33,DELETE,regular-file,Result/GMM1000/1000FP/GMM1000D_default_2025_01_02__23_11_38/results.pth,133,
ab76d464ac4a80255b2300a408f50420b472ae2c,DELETE,regular-file,Result/GMM1000/1000FP/GMM1000D_default_2025_01_02__23_11_38/state_dict.pth,133,
db4af3166efa81cd0e61d451a1e4d3c63c8003a3,DELETE,regular-file,Result/GMM1000/1000FP/GMM1000D_default_2025_01_03__00_05_03/accept_rate.pth,129,
94ecd73730fcd66748ea809f9a4814cfff6f64a6,DELETE,regular-file,Result/GMM1000/1000FP/GMM1000D_default_2025_01_03__00_05_03/output_data.pth,129,
b34773633fb4b7a547667f776e378c925d09f9de,DELETE,regular-file,Result/GMM1000/1000FP/GMM1000D_default_2025_01_03__00_05_03/results.pth,133,
b54659f7c47bff20fdf3d1bf1eeed27176d5e108,DELETE,regular-file,Result/GMM1000/1000FP/GMM1000D_default_2025_01_03__00_05_03/state_dict.pth,133,
992e06a8bdfd82d4b6caaae9e89e3dc7d94cd4c6,DELETE,regular-file,Result/GMM1000/1227-SNF/CGN-u.pth,132,
98895987439cb4bbf9bde235565a81392c8b96a5,DELETE,regular-file,Result/GMM1000/1227-SNF/results.pth,131,
836d0d357aae0f57550a2a17a6b7997fece2219d,DELETE,regular-file,Result/GMM1000/1227-SNF/ux.pth,129,
adc07359e7193330a3c205b56e79bdfb92083b23,DELETE,regular-file,Result/GMM1000/1227-SNF/x0.pth,131,
d6ad5deffb2633c4d2e8fbd206c5c19ebfe302f5,DELETE,regular-file,Result/GMM1000/1230-J/CGN-u.pth,132,
485a28916574d16c05835ec0b12f7c144e1e443f,DELETE,regular-file,Result/GMM1000/1230-J/results.pth,131,
8594f1918d1b20b2f99ee5b6944e66f762598622,DELETE,regular-file,Result/GMM1000/1230-J/ux.pth,129,
4f50ea3dd3af928dfe2074e2a74a5b69f979c4d5,DELETE,regular-file,Result/GMM1000/1230-J/x0.pth,131,
1e5165238d59a42e7ed465a8394ceff4568e19a1,DELETE,regular-file,Result/GMM1000/GMM1000D_default_2025_01_01__18_45_28/accept_rate.pth,129,
ce9158a12a5c62248cdbb4478f7fd631e684c91e,DELETE,regular-file,Result/GMM1000/GMM1000D_default_2025_01_01__18_45_28/output_data.pth,129,
8c21b88d9f55eaf09aee3f2ddc8f864d0bbc6852,DELETE,regular-file,Result/GMM1000/GMM1000D_default_2025_01_01__18_45_28/results.pth,133,
4284b08f27716014a4a767d0192aa566bcfbe66c,DELETE,regular-file,Result/GMM1000/GMM1000D_default_2025_01_01__18_45_28/state_dict.pth,133,
90ce4de46e8ca401317cb34b98493fda5f74b666,DELETE,regular-file,Result/GMM1000/GMM1000D_default_2025_01_02__02_19_28/accept_rate.pth,129,
639f81098e0f2bd207553f4683788e361232e1ce,DELETE,regular-file,Result/GMM1000/GMM1000D_default_2025_01_02__02_19_28/output_data.pth,129,
07ebb88a93dec3ae8e0c6b074bf6292fd07bffbc,DELETE,regular-file,Result/GMM1000/GMM1000D_default_2025_01_02__02_19_28/results.pth,133,
6073880438d1241012934239dc3e63716211d53c,DELETE,regular-file,Result/GMM1000/GMM1000D_default_2025_01_02__02_19_28/state_dict.pth,133,
6af91e2032591625f79ff15d40726ab15d1d1dfd,DELETE,regular-file,Result/GMM1000/GMM1000D_default_2025_01_02__14_57_53/accept_rate.pth,129,
4a8014c3a20c3d0eaebca7c02c0210654a5834a3,DELETE,regular-file,Result/GMM1000/GMM1000D_default_2025_01_02__14_57_53/output_data.pth,129,
d8424cdd2a57bf92d10bee2b2159e39ce2012619,DELETE,regular-file,Result/GMM1000/GMM1000D_default_2025_01_02__14_57_53/results.pth,133,
053b4b7b35e604247f38beb87a9c4d6f5ae9b6df,DELETE,regular-file,Result/GMM1000/GMM1000D_default_2025_01_02__14_57_53/state_dict.pth,133,
